,Document_No,Dominant_Topic,Topic_Perc_Contrib,Keywords,Text
0,0,1,0.54995936,"be, learn, language, word, phrase, thing, t, read, try, help",Possibly the easiest thing you can do is watch television shows or movies in the language you are trying to learn.
1,1,8,0.6999709,"be, learn, language, word, t, s, n, thing, important, more","Try to avoid subtitles, so you donâ€™t develop a reliance on them."
2,2,7,0.77497536,"learn, be, language, word, phrase, t, thing, help, easy, more","To make things easier, try to watch shows or movies whose plots you are already familiar withâ€”like kids' cartoons or dubbed versions of English movieâ€”knowing the context will help you to decipher the meanings of words and phrases."
3,3,5,0.81997734,"be, try, language, thing, easy, watch, show, movie, read, phrase","As your language level progresses, you can move on to more advanced reading material like newspapers and magazines."
4,4,7,0.849977,"learn, be, language, word, phrase, t, thing, help, easy, more","When you read out loud, rather than silently, you can work on both your overall reading comprehension and pronunciation skills."
5,5,3,0.87141114,"be, learn, language, phrase, t, thing, word, read, s, important","Rather than trying to translate each phrase, force yourself to think in the language you're reading."
6,6,1,0.8874858,"be, learn, language, word, phrase, thing, t, read, try, help",Mastering everyday conversation will let you hit the ground running.
7,7,2,0.8999882,"be, learn, language, word, t, memorize, help, more, time, version",Itâ€™s more important to master basic phrases youâ€™ll use frequently than it is to start off by learning the alphabet or the perfect sentence structure.
8,8,2,0.9099899,"be, learn, language, word, t, memorize, help, more, time, version",Mastering basic vocabulary is probably one of the most important things you can do when learning a new language.
9,9,9,0.91817135,"be, learn, word, language, memorize, t, help, thing, day, phrase","Even if you can't understand whole sentences, the ability to pick out keywords can help you to understand the general meaning of a speech or text."
10,10,7,0.92498946,"learn, be, language, word, phrase, t, thing, help, easy, more",There's no point in memorizing hundreds of words and phrases if you pronounce them so oddly that they can't be understood.
11,11,2,0.9307597,"be, learn, language, word, t, memorize, help, more, time, version","Therefore, it's important that when you learn a word, you learn the pronunciation simultaneously."
12,12,4,0.93570286,"be, learn, language, word, t, help, new, memorize, re, s","The reason why most people can't remember most of the language they spent years learning in school is that school curricula tend to focus a huge amount of time on learning grammar and very little time on speech (or ""comprehensible output"")."
13,13,9,0.93998957,"be, learn, word, language, memorize, t, help, thing, day, phrase","This is pretty much backwardsâ€”if you want to learn a language quickly, you should learn how to converse first."
14,14,9,0.9437401,"be, learn, word, language, memorize, t, help, thing, day, phrase",The specifics of grammar will come later.
15,15,6,0.9470496,"be, learn, word, language, t, help, important, memorize, n, phrase",Start off with clear goals.
16,16,2,0.9526236,"be, learn, language, word, t, memorize, help, more, time, version",Try learning to count to ten since 1-10 is usually the easiest thing to memorize at first.
17,17,3,0.9549928,"be, learn, language, phrase, t, thing, word, read, s, important","Each day learn a new set of ten numbers, keep going each day until you are satisfied with how high you can count."
18,18,0,0.95713615,"be, learn, word, language, more, thing, phrase, t, memorize, n","If you are up for a challenge, memorize all the numbers up to one hundred in one day."
19,19,1,0.9590847,"be, learn, language, word, phrase, thing, t, read, try, help","In turn, better reading and pronunciation can help you memorize words with greater ease."
20,20,8,0.96086365,"be, learn, language, word, t, s, n, thing, important, more","Plus, it is better for you to be sounding the words out rather than looking at the romanization for the words."
21,21,6,0.9624944,"be, learn, word, language, t, help, important, memorize, n, phrase","Too often, people spend all of their time studying grammar and memorizing lists of words instead of actually going out there and putting what they've learned into practice."
22,22,1,0.9639947,"be, learn, language, word, phrase, thing, t, read, try, help","Speaking with a real, live person will help you to feel much more motivated about learning the language than staring at a book or computer screen."
23,23,8,0.96537966,"be, learn, language, word, t, s, n, thing, important, more",Carrying a dictionary will allow you to find the necessary word at a moment's notice.
24,24,0,0.966662,"be, learn, word, language, more, thing, phrase, t, memorize, n",This is especially important when you are having a conversation with a native speaker and don't wish to disrupt the flow of conversation by not being able to remember a word.
25,25,9,0.9678526,"be, learn, word, language, memorize, t, help, thing, day, phrase","In addition, looking up the word and using it immediately in a sentence will help you to commit the word to memory."
26,26,2,0.96896136,"be, learn, language, word, t, memorize, help, more, time, version",Most language learning apps offer both a free version and a pro/premium version with more access to additional lessons and features.
27,27,7,0.9699958,"learn, be, language, word, phrase, t, thing, help, easy, more","Weâ€™ll breakdown each app below:
People often claim to have studied a language ""for five years"" and still not be fluent."
28,28,6,0.9709637,"be, learn, word, language, t, help, important, memorize, n, phrase","But when they say five years, they probably mean that they studied the language for only a couple of hours a week over that entire time period."
29,29,4,0.97187096,"be, learn, language, word, t, help, new, memorize, re, s","If you want to learn a new language ''quickly'' (that is, in the space of a few weeks or months), you're going to have to commit to studying the language for a couple of hours ''per day''."
30,30,3,0.9727236,"be, learn, language, phrase, t, thing, word, read, s, important",When you're learning a new language youâ€™ll get further if youâ€™re okay with making mistakes and learning from them.
31,31,8,0.9727235,"be, learn, language, word, t, s, n, thing, important, more","You might find yourself in situations where you donâ€™t quite know the right word, or you donâ€™t understand 100% of what the other personâ€™s saying."
32,32,1,0.9735258,"be, learn, language, word, phrase, thing, t, read, try, help",Thatâ€™s all a normal part of the language-learning process.
33,33,2,0.9742823,"be, learn, language, word, t, memorize, help, more, time, version","If you can visit and spend some time in a country where your new language is spoken, youâ€™ll get to connect with native speakers."
34,34,5,0.9749966,"be, try, language, thing, easy, watch, show, movie, read, phrase",Learning a language within the context of culture and everyday life can boost your motivation and offer hands-on learning experiences.
